Spotify ID,Artist IDs,Track Name,Album Name,Artist Name(s),Release Date,Duration (ms),Popularity,Added By,Added At,Genres,Danceability,Energy,Key,Loudness,Mode,Speechiness,Acousticness,Instrumentalness,Liveness,Valence,Tempo,Time Signature
1cmigB9I6IRpFqjIbzvSQB,"1Uff91EOsvd99rtAupatMP,0d6alfZHUx3xoRnPjkTL7Q","Suite bergamasque, L. 75: III. Clair de lune","Debussy: Suite bergamasque, L. 75, 3. Clair de lune","Claude Debussy,Alice Sara Ott",2018-07-27,294960,64,11136072044,2022-05-31T12:01:44Z,"classical,impressionism,post-romantic era",0.335,0.00501,1,-33.366,1,0.0451,0.993,0.919,0.0618,0.0383,132.085,3
0jOnZhF75V68VsBObWx2XO,"436sYg6CZhNefQJogaXeK0,5Dl3HXZjG6ZOWT5cV375lk,7JmDqds7Y1LRSWZVM8e0Og","The Carnival of the Animals, R. 125: XIII. The Swan (Arr. for Cello and Piano)","Songs from the Arc of Life","Camille Saint-Saëns,Yo-Yo Ma,Kathryn Stott",2015-09-18,174266,66,11136072044,2022-05-31T12:01:44Z,"classical,french romanticism,late romantic era",0.169,0.0161,9,-31.034,0,0.0442,0.986,0.86,0.0805,0.0573,128.143,3
7hyq9VKysg8g1L5R0y41dt,"459INk8vcC0ebEef82WjIK,57ziOSBD3x0PhVbl7MXTgI,21fQySiU5oXJndnmB15Nrq,35oIWRMerJ2P1ORtzeUD0N,1ziXHb2jDpxIxQqIckAZ0I","Satie / Orch. Ducros: Gymnopédie No. 1","Emotions - Satie: Gymnopédie No. 1 (Orch. Ducros)","Erik Satie,Gautier Capuçon,Jerome Ducros,Adrien Perruchon,Orchestre de chambre de Paris",2020-07-24,172120,6,11136072044,2022-05-31T12:01:44Z,"classical,early avant garde,early modern classical,impressionism,post-romantic era",0.0921,0.0183,7,-31.858,1,0.0513,0.942,0.94,0.195,0.039,166.979,3
2m2GJpBjQNNphaCgBeoj7R,"25s9H1JQmTu3iuFzpXWUIg","Fracture","Fracture","Stephan Moccio",2020-04-17,207640,65,11136072044,2022-05-31T12:01:44Z,"background piano,neo-classical",0.324,0.0186,2,-28.248,1,0.0476,0.99,0.934,0.105,0.126,85.297,4
2Imxyb3LiuXsDFo7Gq5YDs,"2UqjDAXnDxejEyE0CzfUrZ,7jQSqBxct7Aa8b3GsZFkO4","Kinderszenen, Op. 15: Träumerei (Arr. Lewin for Guitar)","Schumann: Kinderszenen, Op. 15: Träumerei (Arr. Lewin for Guitar)","Robert Schumann,Miloš Karadaglić",2021-04-23,215800,61,11136072044,2022-05-31T12:01:44Z,"classical,early romantic era,german romanticism",0.406,0.00921,2,-31.822,1,0.087,0.984,0.906,0.0953,0.303,80.507,4
6y1FgcqMY76hCk9qLxUuy4,"3z8CWLkgblFxhhDrPMfAZC,0KITXSblhUOftKpIno4cL9,4XNYbiwP1fToWVyvNPTMMK","3 Spirituals for Orchestra: No. 2. Kum Bab Yah","Hailstork: Orchestral Music","Adolphus Hailstork,Virginia Symphony Orchestra,Joann Falletta",2012-06-05,170213,58,11136072044,2022-05-31T12:01:44Z,"african-american classical,american contemporary classical",0.141,0.00268,2,-37.571,0,0.0427,0.945,0.601,0.0756,0.0386,140.372,5
4SsDrt7HV1ECcJ2A7EHfLL,"1vYrIm6O7VtBGszIWe75mB","Filma Solo","Piano Works","Gabríel Ólafs",2020-06-26,195154,54,11136072044,2022-05-31T12:01:44Z,"background piano,neo-classical",0.213,0.0377,10,-33.06,1,0.0475,0.986,0.869,0.139,0.0973,165.763,4
1G3QPQkoXvpChjNUhd6Tfs,"4JSWO1Pf2zV991fq64uAce,0iqgjl0OG3z53PZVIB7ZyD","The Arts and the Hours","Rameau, Ólafsson: The Arts and the Hours","Jean-Philippe Rameau,Víkingur Ólafsson",2020-03-06,285442,60,11136072044,2022-05-31T12:01:44Z,"baroque,classical,early music,french baroque,french opera",0.415,0.026,1,-36.7,1,0.0496,0.995,0.938,0.107,0.268,136.191,4
7nGA1sRfLDWXYb3VPstnZf,"5U827e4jbYz6EjtN0fIDt9,59r5UU2HOytn9V5uMZ5Vur,33cajGDdkhowQ8hiuEucXM,54IIxBw0yvR4zHHxE8GG5d","Notturno for Strings and Harp","Schoenberg: Notturno for Strings and Harp","Arnold Schoenberg,Daniel Hope,Zürcher Kammerorchester,Jane Berthe",2020-01-17,192419,58,11136072044,2022-05-31T12:01:44Z,"austro-german modernism,avant-garde,classical,early modern classical,post-romantic era,serialism",0.0979,0.0801,8,-19.643,1,0.0458,0.941,0.431,0.115,0.0608,75.314,4
2zM7Ato6xDOi8ten4qn7Cm,"2uFUBdaVGtyMqckSeCl0Qj","Natural Light","Natural Light","Ludovico Einaudi",2021-10-29,335542,63,11136072044,2022-05-31T12:01:44Z,"bow pop,compositional ambient,neo-classical",0.218,0.00352,1,-39.627,1,0.0515,0.992,0.951,0.139,0.192,68.61,4
6MNEgJ1z2c7B3GvENV5dcz,"1Uff91EOsvd99rtAupatMP,2hwIoWEOfHGHi6FnS5MvvN","Suite Bergamasque, L. 75: III. Clair de lune","Piano Chillout: 15 Relaxing Classical Pieces","Claude Debussy,Carol Comune",2017-03-03,297698,38,11136072044,2022-05-31T12:02:36Z,"classical,impressionism,post-romantic era",0.347,0.0521,1,-21.792,1,0.0455,0.994,0.905,0.0972,0.0609,168.705,5
5HjfzAFnZCLyrD2XlUFO3c,"67JB9ps4KBT90qPzKyQ3fS","Goodnight Moon","Piano Chillout: 15 Relaxing Classical Pieces","Christopher Ferreira",2017-03-03,157040,17,11136072044,2022-05-31T12:02:36Z,"background piano",0.311,0.0376,1,-23.192,1,0.0504,0.987,0.861,0.114,0.0603,170.537,4
0uPAMXoOv4PMRHec1KyjGp,"25ZHGX152rBqWlYA9C2iVp","Slowly Towards","Piano Chillout: 15 Relaxing Classical Pieces","Chris Snelling",2017-03-03,150000,16,11136072044,2022-05-31T12:02:36Z,"classify",0.55,0.00333,3,-26.173,1,0.104,0.995,0.948,0.173,0.439,66.133,5
2FYaDO9puDvadduqglU73d,"6DIidRzTS95J6etMpSyeg1","Ten Percent","Piano Chillout: 15 Relaxing Classical Pieces","Jorge Segovia",2017-03-03,61258,26,11136072044,2022-05-31T12:02:36Z,"neo-classical",0.463,0.0346,7,-21.712,0,0.0428,0.994,0.949,0.225,0.108,64.905,3
1z8YVvz03YWzMiCe2nWLMz,"2wOqMjp9TyABvtHdOSOTUS,6Nt0thMQrEBbBTasSfkrhG","Piano Sonata No. 14 in C-Sharp Minor, Op. 27, No. 2 ""Moonlight"": I. Adagio sostenuto","Piano Chillout: 15 Relaxing Classical Pieces","Ludwig van Beethoven,Barbara Nissman",2017-03-03,358694,34,11136072044,2022-05-31T12:02:36Z,"classical,classical era,early romantic era,german romanticism",0.337,0.0191,1,-28.908,0,0.0459,0.995,0.874,0.123,0.116,70.886,4
6J7NLwME00N01xxxn6rmAb,"459INk8vcC0ebEef82WjIK,6j72UsuAqGlOse1erEyNOa","3 Gymnopédies: No. 1. Lent et douloureux in D Major","Piano Chillout: 15 Relaxing Classical Pieces","Erik Satie,Pianoramix",2017-03-03,195723,35,11136072044,2022-05-31T12:02:36Z,"classical,early avant garde,early modern classical,impressionism,post-romantic era",0.721,0.0212,7,-25.274,1,0.114,0.995,0.921,0.107,0.302,75.778,3
29l6T1pcuFPAH08hZKnNne,"4RKdwyI9lnEwpawscrfHib","Paola's Theme","Piano Chillout: 15 Relaxing Classical Pieces","Peter Bennborn Project",2017-03-03,100527,16,11136072044,2022-05-31T12:02:36Z,"",0.429,0.0642,9,-19.597,0,0.0452,0.906,0.9,0.0924,0.0988,118.78,4
1yFwH1YPJXaL1Clg9kmj2t,"459INk8vcC0ebEef82WjIK,0BbHILJDz4eN90gbl1mHZj","3 Gymnopédies: No. 3. Lent et grave in A Minor","Piano Chillout: 15 Relaxing Classical Pieces","Erik Satie,Alessandra Celletti",2017-03-03,139508,31,11136072044,2022-05-31T12:02:36Z,"classical,early avant garde,early modern classical,impressionism,post-romantic era",0.461,0.0315,9,-21.857,0,0.0732,0.995,0.914,0.0781,0.125,72.62,3
2G2DtNcgIIrJxDPqKF68Ah,"0fauHpmSHwodVYIjTqOGHz,6j72UsuAqGlOse1erEyNOa","River Flows In You","Piano Chillout: 15 Relaxing Classical Pieces","Yiruma,Pianoramix",2017-03-03,185000,16,11136072044,2022-05-31T12:02:36Z,"korean instrumental,neo-classical,new age piano",0.394,0.165,9,-22.086,1,0.0616,0.986,0.933,0.0952,0.273,136.375,4
1mvEBCRmAnClQuYEWiqHe3,"0sr00YxbHKRAruzYrJ6PEg","Siesta Norteña","Piano Chillout: 15 Relaxing Classical Pieces","Juan María Solare",2017-03-03,165440,22,11136072044,2022-05-31T12:02:36Z,"neo-classical",0.652,0.00685,9,-23.19,0,0.0555,0.993,0.922,0.0781,0.401,61.193,4
3j0BvMfGc2ESufVQMtG19r,"7zwiFdY90oXzLh1Wz22oEq","Japanese Zen Garden","Japanese Zen Garden: Relaxing Oriental Sound and Healing Nature Music for Meditation, Yoga, Study & Sleep","Meditation Music Zone",2016-11-17,247714,33,11136072044,2022-05-31T12:05:26Z,"sleep",0.0958,0.101,4,-28.717,0,0.0342,0.972,0.37,0.118,0.106,167.203,4
7eWwEhqZJcXY9yKklUVC8v,"1bF3IgxBQw61FRqeyuvq7b","Oriental Wellness (Forest Sound)","Japanese Zen Garden: Relaxing Oriental Sound and Healing Nature Music for Meditation, Yoga, Study & Sleep","Meditation Mantras Guru",2016-11-17,209142,33,11136072044,2022-05-31T12:05:26Z,"meditation",0.195,0.127,10,-20.589,0,0.0462,0.921,0.848,0.136,0.0346,63.694,5
2r55rhsXo2qhoeHnSIM4Nj,"38PxQFwKE257tcBkgrr9lb","Calming Yoga","Japanese Zen Garden: Relaxing Oriental Sound and Healing Nature Music for Meditation, Yoga, Study & Sleep","Healing Yoga Meditation Music Consort",2016-11-17,264000,32,11136072044,2022-05-31T12:05:26Z,"yoga",0.127,0.00693,2,-27.862,0,0.0495,0.994,0.668,0.124,0.114,66.782,4
2zdoNHMHRFnLzmBq3hF3cM,"1IpSlYbI7JwM2Tog9CuKyx","Beauty by the Night","Japanese Zen Garden: Relaxing Oriental Sound and Healing Nature Music for Meditation, Yoga, Study & Sleep","Just Relax Music Universe",2016-11-17,274285,31,11136072044,2022-05-31T12:05:26Z,"",0.17,0.0297,10,-28.563,0,0.0436,0.986,0.966,0.109,0.0543,74.752,1
3ttQOAYaWseexRpWmC4u3m,"7zwiFdY90oXzLh1Wz22oEq","Asian Meditation","Japanese Zen Garden: Relaxing Oriental Sound and Healing Nature Music for Meditation, Yoga, Study & Sleep","Meditation Music Zone",2016-11-17,281142,31,11136072044,2022-05-31T12:05:26Z,"sleep",0.309,0.187,2,-20.839,0,0.0848,0.032,0.271,0.106,0.051,79.758,4
57MvyYU6IbT0vbksQq9hzs,"1bF3IgxBQw61FRqeyuvq7b","Body Relaxation (Waves)","Japanese Zen Garden: Relaxing Oriental Sound and Healing Nature Music for Meditation, Yoga, Study & Sleep","Meditation Mantras Guru",2016-11-17,171428,30,11136072044,2022-05-31T12:05:26Z,"meditation",0.212,0.836,2,-15.718,1,0.262,0.978,0.0793,0.355,0.0229,172.015,3
5TOtPout0Ma1vgW0sqjG3K,"38PxQFwKE257tcBkgrr9lb","Inspiring Moments","Japanese Zen Garden: Relaxing Oriental Sound and Healing Nature Music for Meditation, Yoga, Study & Sleep","Healing Yoga Meditation Music Consort",2016-11-17,167193,29,11136072044,2022-05-31T12:05:26Z,"yoga",0.188,0.0627,6,-19.431,0,0.0375,0.961,0.0816,0.0697,0.096,89.978,4
2ujjx30Mat6lsQBzJUfrx9,"1IpSlYbI7JwM2Tog9CuKyx","Eleven Heaven","Japanese Zen Garden: Relaxing Oriental Sound and Healing Nature Music for Meditation, Yoga, Study & Sleep","Just Relax Music Universe",2016-11-17,240857,29,11136072044,2022-05-31T12:05:26Z,"",0.211,0.946,10,-24.299,0,0.348,0.413,0.664,0.453,0.0226,118.876,3
69JIptfV8EnFUaWz83psjC,"7zwiFdY90oXzLh1Wz22oEq","Flaying Birds","Japanese Zen Garden: Relaxing Oriental Sound and Healing Nature Music for Meditation, Yoga, Study & Sleep","Meditation Music Zone",2016-11-17,256285,30,11136072044,2022-05-31T12:05:26Z,"sleep",0.414,0.294,7,-22.65,1,0.519,0.905,0.529,0.41,0.0332,103.797,4
4P3HNoFhr7vRArkTbOBJ1e,"1bF3IgxBQw61FRqeyuvq7b","Yoga Calming Music (Healing Thunderstorm)","Japanese Zen Garden: Relaxing Oriental Sound and Healing Nature Music for Meditation, Yoga, Study & Sleep","Meditation Mantras Guru",2016-11-17,246725,29,11136072044,2022-05-31T12:05:26Z,"meditation",0.146,0.543,10,-22.851,1,0.725,0.663,0.897,0.149,0.259,170.853,4
3EwICr01c9pUmrFBw32iCA,"5UAgX4YftBF7I3DqNKazf5","Ancient Tibetan Singing Bowls","Tibetan Singing Bowls","Tibetan Meditation",2017-06-20,179875,31,11136072044,2022-05-31T12:06:29Z,"singing bowl",0.205,0.0126,8,-25.849,1,0.0407,0.994,0.0383,0.0838,0.0627,71.415,3
2W99UpOODl7pz397Vy7UtV,"5UAgX4YftBF7I3DqNKazf5","Relaxation Tibetan Bowl Music","Tibetan Singing Bowls","Tibetan Meditation",2017-06-20,214854,40,11136072044,2022-05-31T12:06:29Z,"singing bowl",0.178,0.00374,9,-29.468,1,0.038,0.992,0.954,0.103,0.0324,70.521,4
54fOvKvdGylK3KdcR8gz2Z,"5UAgX4YftBF7I3DqNKazf5","Himalayan Bowls","Tibetan Singing Bowls","Tibetan Meditation",2017-06-20,145809,38,11136072044,2022-05-31T12:06:29Z,"singing bowl",0.162,0.000687,5,-32.32,0,0.0397,0.992,0.945,0.0824,0.0269,73.438,3
2BFyX89h7ht7arq8530qdO,"5UAgX4YftBF7I3DqNKazf5","Singing Bowls of Nepal","Tibetan Singing Bowls","Tibetan Meditation",2017-06-20,281730,36,11136072044,2022-05-31T12:06:29Z,"singing bowl",0.186,0.00707,5,-28.339,0,0.0488,0.995,0.859,0.103,0.046,71.096,3
6dppSNnHvc7aqo1kWXp35v,"5UAgX4YftBF7I3DqNKazf5","Asian Meditation Suzu Gongs","Tibetan Singing Bowls","Tibetan Meditation",2017-06-20,218936,29,11136072044,2022-05-31T12:06:29Z,"singing bowl",0.57,0.000265,3,-20.973,1,0.149,0.978,0.942,0.0851,0.549,132.88,3
0PGnLRxqtY8WCG1y2KWZgp,"5UAgX4YftBF7I3DqNKazf5","Singing Bowl Meditation","Tibetan Singing Bowls","Tibetan Meditation",2017-06-20,197299,32,11136072044,2022-05-31T12:06:29Z,"singing bowl",0.235,0.0139,9,-22.244,0,0.0439,0.991,0.222,0.0977,0.0288,132.888,4
0gPTdYCVnRwHeaAsgV4hjM,"0dLsBpKaNVe9PMqNq7HIZY","Calming Music","Calming Music, Relaxation Music","Violin and Piano Relax",2021-12-14,177000,0,11136072044,2022-05-31T12:07:35Z,"",0.0947,0.141,9,-12.466,0,0.0352,0.957,0.000136,0.111,0.368,180.973,3
7foAfcTceqBYAKaWGqqTMQ,"0dLsBpKaNVe9PMqNq7HIZY","Rays of Hope","Calming Music, Relaxation Music","Violin and Piano Relax",2021-12-14,225000,0,11136072044,2022-05-31T12:07:35Z,"",0.35,0.158,9,-11.931,0,0.0383,0.914,0.0000139,0.103,0.323,120.148,4
4KVllqEjZHDlfoH0m5Rzkm,"0dLsBpKaNVe9PMqNq7HIZY","Eagle","Calming Music, Relaxation Music","Violin and Piano Relax",2021-12-14,193000,0,11136072044,2022-05-31T12:07:35Z,"",0.178,0.148,9,-11.85,0,0.0392,0.869,0.0000405,0.208,0.313,120.235,4
6iE4uiJdt3qzxtAcxhhe5r,"0dLsBpKaNVe9PMqNq7HIZY","Be, Leave","Calming Music, Relaxation Music","Violin and Piano Relax",2021-12-14,241000,0,11136072044,2022-05-31T12:07:35Z,"",0.309,0.149,9,-11.701,0,0.0391,0.896,0.0000389,0.119,0.34,120.566,4
6G6n8mwuYZ82THp7icGwCe,"0dLsBpKaNVe9PMqNq7HIZY","August Nights","Calming Music, Relaxation Music","Violin and Piano Relax",2021-12-14,209000,0,11136072044,2022-05-31T12:07:35Z,"",0.374,0.178,9,-11.584,0,0.0378,0.821,0.0000965,0.274,0.271,120.081,4
65XBlAjuSdQzdwcLGja58A,"0dLsBpKaNVe9PMqNq7HIZY","Blessing In Disguise","Calming Music, Relaxation Music","Violin and Piano Relax",2021-12-14,241000,0,11136072044,2022-05-31T12:07:35Z,"",0.277,0.194,9,-11.604,0,0.0378,0.861,0.0000703,0.194,0.271,120.242,4
3zy41Q0HP88vbZIGw8J59s,"0dLsBpKaNVe9PMqNq7HIZY","Adam Lullaby","Calming Music, Relaxation Music","Violin and Piano Relax",2021-12-14,225000,0,11136072044,2022-05-31T12:07:35Z,"",0.376,0.174,9,-11.497,0,0.0367,0.86,0.0000232,0.586,0.313,119.888,4
1KQyQDd6CtFmxrKiGAGXWe,"0dLsBpKaNVe9PMqNq7HIZY","Bells In The Wind","Calming Music, Relaxation Music","Violin and Piano Relax",2021-12-14,225000,0,11136072044,2022-05-31T12:07:35Z,"",0.324,0.136,9,-12.634,0,0.0375,0.921,0.0000274,0.107,0.353,120.123,4
76YZILSjCHiQySHLdZJ9WD,"0dLsBpKaNVe9PMqNq7HIZY","The Book of Sad","Calming Music, Relaxation Music","Violin and Piano Relax",2021-12-14,177000,0,11136072044,2022-05-31T12:07:35Z,"",0.28,0.133,9,-11.636,0,0.0342,0.933,0.000105,0.116,0.375,59.957,4
71VSpyAwc1MHI3YBewDxeO,"0dLsBpKaNVe9PMqNq7HIZY","Forgotten By Time","Calming Music, Relaxation Music","Violin and Piano Relax",2021-12-14,225000,0,11136072044,2022-05-31T12:07:35Z,"",0.176,0.186,9,-11.574,0,0.0409,0.891,0.000605,0.214,0.337,120.146,4
1w0oqaaSB56JZzW8pT8urn,"3a2oCG9UwpZzIMnH1F4sdQ","Eos Below Me","Chill Electronic Music","Septillion",2015-08-02,280000,1,11136072044,2022-05-31T12:09:32Z,"australian metal",0.6,0.416,1,-13.117,0,0.0362,0.784,0.801,0.103,0.393,148.208,4
06E7cOuFD8X5vyCmZIyTKr,"5USyRPNfwROsbiMcFZQsNH","Lazy Summer Afternoon","Chill Electronic Music","Jellyshoes",2015-08-02,195136,1,11136072044,2022-05-31T12:09:32Z,"",0.758,0.167,5,-13.609,0,0.0372,0.0188,0.851,0.0553,0.358,140,4
6OtJytZg2PcGWVPeMIe2Yr,"0wgHo3uM2BMoWbKvbDv68R","Thai Dreams","Chill Electronic Music","Ethereal Moments",2015-08-02,210000,1,11136072044,2022-05-31T12:09:32Z,"",0.498,0.458,1,-10.808,0,0.047,0.0421,0.783,0.233,0.435,190.023,4
0JOYkngU3ZHBTJhp2nv5UZ,"0DtMinuyqXnAHJBIV3YPZo","Mountain Soaring","Chill Electronic Music","Richard Mulligan",2015-08-02,202000,1,11136072044,2022-05-31T12:09:32Z,"",0.61,0.443,9,-12.535,0,0.0278,0.131,0.434,0.271,0.311,140.01,4
20MkAWjbLoacTR3XTCad2O,"3a2oCG9UwpZzIMnH1F4sdQ","Neon Rain","Chill Electronic Music","Septillion",2015-08-02,229363,1,11136072044,2022-05-31T12:09:32Z,"australian metal",0.562,0.438,0,-11.97,1,0.0268,0.451,0.752,0.0916,0.192,144.029,5
5EGh62oH1pac8XOHrCEncG,"0wgHo3uM2BMoWbKvbDv68R","Inner Energy","Chill Electronic Music","Ethereal Moments",2015-08-02,208000,1,11136072044,2022-05-31T12:09:32Z,"",0.641,0.359,4,-9.775,0,0.0419,0.0418,0.844,0.143,0.465,79.992,4
7w9ua7jekY9JR0SnjEekK0,"5USyRPNfwROsbiMcFZQsNH","Feel Good Juice","Chill Electronic Music","Jellyshoes",2015-08-02,183636,0,11136072044,2022-05-31T12:09:32Z,"",0.602,0.485,11,-13.892,0,0.0346,0.209,0.916,0.111,0.41,89.989,4
6kzE6thlGZAcQk2tBTxnyc,"0wgHo3uM2BMoWbKvbDv68R","Bosphorus","Chill Electronic Music","Ethereal Moments",2015-08-02,241468,0,11136072044,2022-05-31T12:09:32Z,"",0.791,0.371,9,-11.064,0,0.0405,0.354,0.907,0.106,0.472,130.028,4
41ISoZKSqHSL1Y22b7egm7,"0DtMinuyqXnAHJBIV3YPZo","Ocean Road Drive","Chill Electronic Music","Richard Mulligan",2015-08-02,186465,0,11136072044,2022-05-31T12:09:32Z,"",0.58,0.485,7,-13.392,1,0.0303,0.666,0.883,0.0798,0.245,80.014,4
4fRPr7MkGYz6Fz2i4IDcHN,"0wgHo3uM2BMoWbKvbDv68R","Hatha","Chill Electronic Music","Ethereal Moments",2015-08-02,180000,13,11136072044,2022-05-31T12:09:32Z,"",0.435,0.17,2,-21.343,1,0.0361,0.826,0.907,0.303,0.0853,119.938,4
5ZKVlnp0DYICoA94fkgmqQ,"3a2oCG9UwpZzIMnH1F4sdQ","Silver Sand","Chill Electronic Music","Septillion",2015-08-02,272769,1,11136072044,2022-05-31T12:09:32Z,"australian metal",0.529,0.37,5,-13.498,1,0.0287,0.2,0.705,0.0848,0.269,143.978,4
5RA3GMa1BF8Z9LvCNZ00YA,"0wgHo3uM2BMoWbKvbDv68R","Sub Zero","Chill Electronic Music","Ethereal Moments",2015-08-02,215000,1,11136072044,2022-05-31T12:09:32Z,"",0.597,0.254,7,-9.826,0,0.0282,0.322,0.891,0.186,0.104,130.025,4
5jeJEDM4IkyXhLvcKIg8HO,"3HQVbTbMfY4a4Ql2YuoK5i","Sukhasana","Chill Electronic Music","Jonathan Sarlat",2015-08-02,212584,0,11136072044,2022-05-31T12:09:32Z,"",0.722,0.334,7,-10.524,0,0.0341,0.173,0.917,0.112,0.384,119.959,4
1kYeYUOjvEX9Vg3Tb8VIHR,"2970BxpdOBQmkMit6i9kVF","Gayatri Mantra","The Essence","Deva Premal",1998-03-01,589266,57,11136072044,2022-05-31T12:10:46Z,"kirtan,meditation",0.424,0.448,9,-12.682,0,0.0752,0.856,0.0000187,0.112,0.238,81.979,1
31cSVmU7ryky2C9twTSz8d,"2970BxpdOBQmkMit6i9kVF","Om Namo Bhagavate","Embrace","Deva Premal",2002-04-01,432000,50,11136072044,2022-05-31T12:10:46Z,"kirtan,meditation",0.29,0.261,9,-13.302,1,0.0311,0.765,0.0000645,0.145,0.173,125.725,4
0qMsQ5dt3QUgA0iJiNCT5r,"2970BxpdOBQmkMit6i9kVF,4jrXM6oLQfV9L458Luwc3P,4JuGrH8E5Xgddd61nqIViQ","Om Sahana Vavatu (Shanti Mantra)","Mantras for Life","Deva Premal,Miten,Manose",2014-05-19,123853,48,11136072044,2022-05-31T12:10:46Z,"kirtan,meditation",0.309,0.0502,2,-19.058,1,0.0419,0.809,0,0.11,0.357,129.431,5
4bSme6KVdAamqx94sRuMJ4,"2970BxpdOBQmkMit6i9kVF","Incantation","Deva Premal Sings The Moola Mantra","Deva Premal",2007-06-01,174706,46,11136072044,2022-05-31T12:10:46Z,"kirtan,meditation",0.221,0.0398,4,-17.311,1,0.0446,0.821,0.00000219,0.099,0.117,134.029,3
081Zg48nC2p7vVcBnjBZKh,"2970BxpdOBQmkMit6i9kVF","Yemaya Assessu","The Essence","Deva Premal",1998-03-01,214400,45,11136072044,2022-05-31T12:10:46Z,"kirtan,meditation",0.287,0.106,9,-16.629,1,0.0348,0.938,0.000204,0.0973,0.322,85.825,4
5l9lChQA4CcH3xCY7sOP8m,"2970BxpdOBQmkMit6i9kVF","Aad Guray","Dakshina","Deva Premal",2005-01-01,365080,43,11136072044,2022-05-31T12:10:46Z,"kirtan,meditation",0.12,0.235,9,-12.571,1,0.0352,0.762,0.0113,0.168,0.052,72.196,4
6GihlKiR0Q01NCG6UHa1y9,"2970BxpdOBQmkMit6i9kVF","Om Gum Ganapatayei Namaha (Removing of Obstacles)","Mantras for Precarious Times","Deva Premal",2009-11-15,492600,42,11136072044,2022-05-31T12:10:46Z,"kirtan,meditation",0.428,0.111,2,-14.915,1,0.0428,0.911,0,0.198,0.115,128.206,4
7zN5EeRodQPZ5iMHo45Fst,"2970BxpdOBQmkMit6i9kVF,4jrXM6oLQfV9L458Luwc3P,4JuGrH8E5Xgddd61nqIViQ","Namaste","Namaste","Deva Premal,Miten,Manose",2017-05-19,359200,41,11136072044,2022-05-31T12:10:46Z,"kirtan,meditation",0.557,0.415,4,-14.552,1,0.0385,0.872,0.0363,0.117,0.399,81.949,4
569CVWhfJoj7GgM7C6MIXu,"4jrXM6oLQfV9L458Luwc3P,2970BxpdOBQmkMit6i9kVF","Lokah Samasta","Soul in Wonder","Miten,Deva Premal",2007-10-01,616826,41,11136072044,2022-05-31T12:10:46Z,"kirtan",0.456,0.461,0,-10.924,0,0.0314,0.709,0.0239,0.436,0.225,103.01,4
46D62n5Rr3cApdmjPGOXv6,"2970BxpdOBQmkMit6i9kVF","Om Tare Tuttare","Embrace","Deva Premal",2002-04-01,439613,41,11136072044,2022-05-31T12:10:46Z,"kirtan,meditation",0.531,0.646,0,-8.884,0,0.0327,0.48,0.00192,0.149,0.695,92.004,4
2bluDkLDqccMQZT9igz2Jq,"3IJsrpcwlIt9wYIFISmc4q","Surya Namaskar Mantra","Surya Namaskar Mantra","Uma Mohan",2022-01-14,393750,30,11136072044,2022-05-31T12:12:15Z,"kirtan,mantra",0.663,0.479,11,-10.755,1,0.0324,0.789,0.00121,0.078,0.413,79.977,3
2kavzWD9eedpa1ueYu79pW,"4I5QgST39jQbLzuWTgUKcX,1HGMG8RHvcu1mfdM9MeTek,4Ue0breeduMNArt1jlqe7d,2Bu3DMTHHdXW4jnhoWHhPa","Kar Darshanam","Morning Mantras","Ravindra Sathe,Sadhana Sargam,Harish Bhimani,Chorus",2002-10-30,61648,27,11136072044,2022-05-31T12:12:15Z,"mantra",0.244,0.00708,6,-23.732,1,0.0353,0.973,0.000388,0.116,0.09,81.361,4
3xVv0QfLmeJt8EkSCUim4M,"1PTLyE54UyxphMo43yaSc7","Aham Brahmasmi","Mantras & Chants","Meditative Mind",2017-10-10,701467,39,11136072044,2022-05-31T12:12:15Z,"kundalini",0.318,0.00405,6,-30.174,1,0.0383,0.932,0.507,0.108,0.0426,118.962,3
10hYBr0KXyCNtuvc388Rn8,"1PTLyE54UyxphMo43yaSc7","Sarvesham Svastir Bhavatu","Mantras for Deep Inner Peace","Meditative Mind",2016-02-23,2717900,0,11136072044,2022-05-31T12:12:15Z,"kundalini",0.179,0.0314,0,-21.797,1,0.0369,0.89,0.183,0.0891,0.0315,139.456,3
7DF6xE3PU2agEw7pEheTWt,"2ijWbN5KykTYiBoVmhzCTU","Gayatri Mantra Without Rhythm","Gayatri Mantra-----Jagjit Singh","Jagjit Singh",2010-02-17,471040,39,11136072044,2022-05-31T12:12:15Z,"classic bollywood,desi pop,filmi,ghazal,hare krishna,sufi",0.237,0.0986,8,-14.688,1,0.0383,0.974,0.0000644,0.0953,0.0522,138.11,3
0MuPr9td6KGDdOSK660vcM,"5ctgUVR3rh12mXvFckKVp9,4s03GMsBoEBO7LnPhawd9p,6dwI4WlkGItwJ7bwDNeLzm","Resonance Meditation with Omkaar - at 432 Hz","Chants of Moksha - Omkaar - at 432 Hz","Rajan Mishra,Sajan Mishra,Rupa Tiwary",2021-06-12,597000,30,11136072044,2022-05-31T12:12:15Z,"hindustani classical,hindustani vocal,indian classical,khayal,mantra",0.0811,0.384,3,-7.692,1,0.032,0.843,0.032,0.155,0.0372,83.391,4
3ZkrJk4fRxrRmY9vTnPqfb,"71cFvaV1O8Jb5jzJc86YLr","Gayatri Mantra 108 Times","Gayatri Mantra 108 Times - Single","Dr. Rahul Joshi",2021-05-27,2849920,23,11136072044,2022-05-31T12:12:15Z,"",0.562,0.33,7,-11.485,1,0.0291,0.831,0.0306,0.117,0.124,119.766,4
79n8AuJG3hP5DFCQTiB78h,"74dv0wmBboWMomobcuanhU","Mool Mantra","Mool Mantra - Single","Ananya Bhowmick",2021-06-18,465572,24,11136072044,2022-05-31T12:12:15Z,"",0.558,0.442,8,-11.525,1,0.0247,0.431,0.00124,0.09,0.194,99.951,4
07AfFQCy6XRavj2i9JLijB,"1YlyMSSdwqA3t3goVRqoHK","Navkar Mantra","Navkar Mantra","Geetu Unplugged",2020-11-06,210000,27,11136072044,2022-05-31T12:12:15Z,"",0.315,0.208,0,-8.921,1,0.0301,0.91,0.0476,0.0948,0.138,77.883,4
3aTqStXPCeMC41rIUPv7XJ,"4I5QgST39jQbLzuWTgUKcX,1HGMG8RHvcu1mfdM9MeTek,4Ue0breeduMNArt1jlqe7d,2Bu3DMTHHdXW4jnhoWHhPa","Tilak Mantra","Morning Mantras","Ravindra Sathe,Sadhana Sargam,Harish Bhimani,Chorus",2002-10-30,39000,23,11136072044,2022-05-31T12:12:15Z,"mantra",0.347,0.0243,11,-17.469,1,0.0446,0.9,0.0000151,0.114,0.158,102.988,5
1FBk5RrKGgjys9GdxFpM1S,"1oex6GCeWzSxHupAa6Fbnb","Elliptical Flower Arrangement","Elliptical Flower Arrangement","créature sonore",2022-04-20,120000,45,11136072044,2022-05-31T12:13:20Z,"",0.788,0.416,8,-15.208,0,0.12,0.919,0.925,0.104,0.294,83.012,4
32tT51UcINiBPpJ7qqR20p,"30g2s6KY7QIvSy004P2ZbX","My Secret Glade","My Secret Glade","Slow Fidelity",2021-06-19,126253,44,11136072044,2022-05-31T12:13:20Z,"",0.785,0.0861,1,-15.528,0,0.056,0.963,0.957,0.137,0.0466,80.012,4
0Fe76by6O8RvlRAiWWcuhO,"1NdDUOuRmmfgKiuWKUEp7z,3b0TLzX6FkeQvv9daBtFBe","Ease Of Mind","Ease Of Mind","Natasha Ghosh,Goson",2022-04-11,153214,43,11136072044,2022-05-31T12:13:20Z,"",0.486,0.154,7,-16.768,1,0.0321,0.88,0.889,0.0884,0.0455,80.156,4
1x6yrGyjY4he3dcNbiaAwL,"73R6uk8C0NukBY2L756yAI","perplexia","perplexia","lazy ai",2022-03-30,128000,45,11136072044,2022-05-31T12:13:20Z,"",0.73,0.422,11,-16.279,1,0.0878,0.893,0.951,0.109,0.303,75.079,4
5aF6HblsNZ55NGL1TTbrOJ,"4n9z9czt00gzw36hdoVU3G","the path back home","the path back home","Kainbeats",2022-04-15,143136,38,11136072044,2022-05-31T12:13:20Z,"anime lo-fi",0.758,0.135,0,-18.817,1,0.0396,0.966,0.931,0.131,0.296,122.071,4
7wBChE1IqPBNbEEq3SGtnW,"5mWkhlLhHU9FKT8vU8lBIR","Floweret","Floweret","Dusty Decks",2021-10-08,141567,44,11136072044,2022-05-31T12:13:20Z,"study beats",0.548,0.333,6,-11.856,1,0.045,0.966,0.945,0.114,0.199,77.021,4
0AAmMbWCDAzq6EmI5NUGNC,"68cLSTXnIf1UtW0muey7LG","See you soon","See you soon","Gedimi",2022-04-05,146945,44,11136072044,2022-05-31T12:13:20Z,"",0.574,0.184,10,-19.209,1,0.0492,0.946,0.903,0.128,0.0946,119.935,4
5Ro7Zhxns5rtyleQsffnkb,"0tVWLGanEa906nosw2Uu9p","milky moon","milky moon","Tween City",2022-05-08,129371,37,11136072044,2022-05-31T12:13:20Z,"",0.69,0.0401,3,-18.053,1,0.035,0.993,0.958,0.116,0.137,128.116,4
5IFChZYwwrhKKFKxIPi5Pg,"24usk464uzsxYNFHCgagLj","4AM","4AM","Steve Blino",2022-05-08,124999,37,11136072044,2022-05-31T12:13:20Z,"",0.587,0.0528,11,-26.245,0,0.0364,0.984,0.923,0.069,0.187,120.018,4
1ClQ0dJjZEwBYtiRhMCjL7,"4akjZ3i0I09kiUhqwJ19pN","Under The Tree","Birds In The Garden","Chrisse & The Other One",2022-05-18,114754,24,11136072044,2022-05-31T12:13:20Z,"",0.653,0.0355,9,-20.864,0,0.18,0.984,0.943,0.118,0.32,119.983,4
4OkCZxOjG1y7G9Op1SkbnH,"59xol4VJ5T58RiIgiMFKR8","stillness","stillness","Goudo J",2022-04-29,135111,43,11136072044,2022-05-31T12:13:20Z,"",0.606,0.167,0,-17.939,1,0.0382,0.803,0.942,0.0958,0.0498,134.93,1
3gTqbgP4Kq4i1p27vCpiL8,"02qU2mdtmh74BV5ashkMFn","Ghostboy","Ghostboy","mëow mëow",2022-04-15,106285,46,11136072044,2022-05-31T12:13:20Z,"",0.571,0.161,11,-17.511,0,0.0324,0.925,0.927,0.111,0.0528,139.889,4
1EPxFjUEjsPRw7XM9Yo9I3,"4qsNTmhzMYuDilyDFbJFp2,5orR9ec1E60lLb1U76m3ul","Picnic","Picnic","tezpu,Chill Select",2022-04-22,106666,48,11136072044,2022-05-31T12:13:20Z,"",0.639,0.208,11,-15.922,1,0.249,0.479,0.948,0.107,0.302,180.047,4
4dD5fQxc6WalPeAsp6QI9U,"519dbDArl4MXSfg1TS8DL0","after after hours","after after hours","Dondie",2021-08-20,129920,50,11136072044,2022-05-31T12:13:20Z,"",0.671,0.217,2,-14.264,0,0.0447,0.858,0.941,0.109,0.311,87.031,4
1YWebNgNeLzNqybFQsoXn4,"2FtYPL4cwgV84Z1xoJaM4S","Resting bull face","Resting bull face","Catch ze Bull",2022-05-17,131500,23,11136072044,2022-05-31T12:13:20Z,"",0.724,0.192,1,-17.804,1,0.059,0.284,0.928,0.0834,0.17,150.37,4
7spTNUW2VouHtkboiO30sF,"5glOFLmRNoXs1AC2jGYS6j","elevation","elevation","hinako fukushi",2022-05-01,130673,43,11136072044,2022-05-31T12:13:20Z,"",0.805,0.117,2,-17.336,1,0.0519,0.738,0.93,0.112,0.0393,155.005,5
5wMvw6fFXoeINA8v4Ru13n,"7nKTvkyNv3iatiJ0A4lBr7","Grounding","Grounding","Chalk Gang",2022-04-29,162349,43,11136072044,2022-05-31T12:13:20Z,"",0.617,0.0373,9,-20.707,0,0.0415,0.831,0.941,0.105,0.432,111.705,4
3yjk6M7rUSVKt83lHAFQ90,"4akjZ3i0I09kiUhqwJ19pN","Birds In The Garden","Birds In The Garden","Chrisse & The Other One",2022-05-18,114247,23,11136072044,2022-05-31T12:13:20Z,"",0.645,0.164,9,-19.361,0,0.0363,0.905,0.92,0.137,0.175,108.039,4
4YRmrJ0bFhYfDQQInW52Qb,"1zYSgEq8kLr65eHLGaIUK5","dreams","still dreams","Shane Houghtaling",2022-04-19,80740,47,11136072044,2022-05-31T12:13:20Z,"",0.758,0.118,2,-23.181,1,0.0442,0.969,0.893,0.095,0.427,139.014,4
0nwUtqy8TOnRahAzCmL42A,"5szil3lhFSrW575RVEyPle","Angel Number","Angel Number","Beats Me, Innit?",2021-10-29,146128,54,11136072044,2022-05-31T12:13:20Z,"",0.757,0.434,10,-12.707,1,0.0472,0.724,0.9,0.367,0.237,114.907,4
1s8KFO2b6qhK94kzCc375G,"6sPgHyYKS3VMneq1yoflgm","Sundets","Kanbina","Kanbina Mind",2022-01-31,122054,57,11136072044,2022-05-31T12:13:20Z,"",0.647,0.0895,5,-24.059,0,0.0451,0.933,0.929,0.107,0.0396,72.979,4
1ZL8rxe39abmxVqCCgnsL4,"2n508mzEccwkxrri4PfgZh","Wellness Music","Oriental Music - Calming Music for Deep Sleep and Relaxation","Shakuhachi Sakano",2016-07-05,270827,14,11136072044,2022-05-31T12:18:44Z,"meditation,sleep",0.26,0.11,6,-22.829,0,0.035,0.859,0.961,0.0828,0.0509,68.449,4
5MxfuKwDluLwluXuXxOEoP,"1FT8M4qRnoCL01hW6ZZfyY","Massage Therapy","Oriental Music - Calming Music for Deep Sleep and Relaxation","May First",2016-07-05,400151,0,11136072044,2022-05-31T12:18:44Z,"",0.096,0.0956,3,-23.789,1,0.0449,0.987,0.964,0.149,0.0298,70.89,4
3vP4UefWoPZwtFdGCNWzFT,"1FT8M4qRnoCL01hW6ZZfyY","Calming Piano","Oriental Music - Calming Music for Deep Sleep and Relaxation","May First",2016-07-05,387457,0,11136072044,2022-05-31T12:18:44Z,"",0.256,0.024,6,-29.642,0,0.0426,0.961,0.908,0.109,0.0393,139.663,4
64QgE8iOqEBdRVIcBHM3wP,"1kIeFyAp3wxX1zek3wkpdO","Thermal Waters","Oriental Music - Calming Music for Deep Sleep and Relaxation","The Marcello Player",2016-07-05,382664,0,11136072044,2022-05-31T12:18:44Z,"",0.0937,0.52,4,-15.569,0,0.0569,0.972,0.889,0.689,0.037,75.746,3
6C1gCQ81fJgDidK6n0DEuo,"1kIeFyAp3wxX1zek3wkpdO","Jacuzzi","Oriental Music - Calming Music for Deep Sleep and Relaxation","The Marcello Player",2016-07-05,365555,0,11136072044,2022-05-31T12:18:44Z,"",0.426,0.0291,1,-22.303,0,0.0389,0.994,0.765,0.101,0.0377,119.694,4
1o3AsZDyy0GirwKXBi1p3W,"1kIeFyAp3wxX1zek3wkpdO","First Love","Oriental Music - Calming Music for Deep Sleep and Relaxation","The Marcello Player",2016-07-05,357999,0,11136072044,2022-05-31T12:18:44Z,"",0.191,0.0777,6,-21.919,1,0.0374,0.956,0.00495,0.144,0.0393,131.887,4
3evj5dQbuT2srjejrw7Sxt,"1LUdEIT1Xlu5czlTk1GW3t","Tranquility (Sleeping Songs)","Oriental Music - Calming Music for Deep Sleep and Relaxation","Anna Einaudi",2016-07-05,345174,0,11136072044,2022-05-31T12:18:44Z,"pet calming",0.14,0.107,2,-22.114,1,0.0353,0.897,0.959,0.389,0.0398,101.675,4
0otoSt7imahbRyXEBuCfKP,"1LUdEIT1Xlu5czlTk1GW3t","Relaxing Rain","Oriental Music - Calming Music for Deep Sleep and Relaxation","Anna Einaudi",2016-07-05,343999,0,11136072044,2022-05-31T12:18:44Z,"pet calming",0.174,0.0505,3,-25.822,1,0.0393,0.942,0.97,0.118,0.0383,117.924,3
0L411FACQNvdIXVOKWehWM,"5EGkTBb8cx2cSN3sqLfPKQ","The Sleep Experts","Oriental Music - Calming Music for Deep Sleep and Relaxation","Meditation Weekend",2016-07-05,221000,0,11136072044,2022-05-31T12:18:44Z,"meditation",0.313,0.211,11,-20.089,1,0.0397,0.972,0.933,0.122,0.0762,101.519,4
2uIWoH8EczAUEWCpxbwqBI,"1LUdEIT1Xlu5czlTk1GW3t","Opening the Mind","Oriental Music - Calming Music for Deep Sleep and Relaxation","Anna Einaudi",2016-07-05,344026,0,11136072044,2022-05-31T12:18:44Z,"pet calming",0.0658,0.0389,1,-28.217,1,0.0382,0.872,0.952,0.13,0.0809,63.592,4
5Gsd2TiJVhShqHWo1eSKWa,"5EGkTBb8cx2cSN3sqLfPKQ","Relaxing Sounds (Study Music)","Oriental Music - Calming Music for Deep Sleep and Relaxation","Meditation Weekend",2016-07-05,235999,0,11136072044,2022-05-31T12:18:44Z,"meditation",0.148,0.132,0,-16.693,1,0.0371,0.806,0.00000787,0.0729,0.0514,141.654,3
7jV5joTiVgpVqPpAlyyvHI,"5EGkTBb8cx2cSN3sqLfPKQ","No Fear","Oriental Music - Calming Music for Deep Sleep and Relaxation","Meditation Weekend",2016-07-05,330000,0,11136072044,2022-05-31T12:18:44Z,"meditation",0.19,0.108,0,-21.926,1,0.034,0.963,0.00215,0.094,0.0664,129.993,1
1jQLujgIkTNp4jiAqu34zk,"5EGkTBb8cx2cSN3sqLfPKQ","Amazing (Piano Music)","Oriental Music - Calming Music for Deep Sleep and Relaxation","Meditation Weekend",2016-07-05,334000,0,11136072044,2022-05-31T12:18:44Z,"meditation",0.1,0.105,0,-21.475,1,0.0344,0.964,0.000647,0.373,0.0394,86.598,4
1CtJndCKPo5vvf60N5KjdY,"4Dim2jJSy8yCjB7sQae9A3","Let It Go","Oriental Music - Calming Music for Deep Sleep and Relaxation","Everything's Fine",2016-07-05,327318,0,11136072044,2022-05-31T12:18:44Z,"",0.17,0.119,0,-22.162,1,0.0378,0.911,0.245,0.125,0.0388,123.811,5
2gEjO2jjjCFnIq88YixPxt,"4Dim2jJSy8yCjB7sQae9A3","Calm Your Mind","Oriental Music - Calming Music for Deep Sleep and Relaxation","Everything's Fine",2016-07-05,271581,0,11136072044,2022-05-31T12:18:44Z,"",0.124,0.0737,2,-25.244,1,0.044,0.98,0.975,0.12,0.0269,86.563,4
1DrSBdAFPVWsmg7Ezzutd4,"4Dim2jJSy8yCjB7sQae9A3","Spa Lounge","Oriental Music - Calming Music for Deep Sleep and Relaxation","Everything's Fine",2016-07-05,254499,0,11136072044,2022-05-31T12:18:44Z,"",0.106,0.046,3,-21.433,1,0.0369,0.954,0.708,0.125,0.0728,166.594,4
4w7OUuLk22Me18p6juTS86,"1LUdEIT1Xlu5czlTk1GW3t","Spa Music Collection","Oriental Music - Calming Music for Deep Sleep and Relaxation","Anna Einaudi",2016-07-05,327680,0,11136072044,2022-05-31T12:18:44Z,"pet calming",0.256,0.123,5,-20.419,1,0.0524,0.979,0.963,0.0832,0.0344,126.082,4
3PzOLFfhrCD3jhS1Aj4W0k,"2n508mzEccwkxrri4PfgZh","Spa Weekends","Oriental Music - Calming Music for Deep Sleep and Relaxation","Shakuhachi Sakano",2016-07-05,320642,0,11136072044,2022-05-31T12:18:44Z,"meditation,sleep",0.159,0.204,7,-22.212,1,0.0439,0.896,0.202,0.418,0.0347,133.238,4
4NW0K3Yzachq2vOdXtAtfW,"2n508mzEccwkxrri4PfgZh","Meditation with the Hang Drum","Oriental Music - Calming Music for Deep Sleep and Relaxation","Shakuhachi Sakano",2016-07-05,280877,0,11136072044,2022-05-31T12:18:44Z,"meditation,sleep",0.133,0.0133,2,-29.097,0,0.0395,0.972,0.91,0.0844,0.0368,80.187,5
1BMZakptWQ3amDhXhrUNoZ,"1FT8M4qRnoCL01hW6ZZfyY","Relaxing Music","Oriental Music - Calming Music for Deep Sleep and Relaxation","May First",2016-07-05,409000,0,11136072044,2022-05-31T12:18:44Z,"",0.222,0.0568,0,-21.81,0,0.0617,0.961,0.0171,0.113,0.0357,75.868,4
6njkN9hoKDT0xGLmHUFv4F,"1n8Jzwr0tRf3A4PD4SIOKW","Relaxing Love Jazz Cafe","Jazz Relaxing Cafe","Relaxing Jazz Music Instrumental",2019-04-01,161007,33,11136072044,2022-05-31T12:19:19Z,"dinner jazz",0.545,0.125,7,-19.786,1,0.0515,0.941,0.248,0.106,0.493,178.676,3
7ivuqw9eWTnqzUrhuuYf9T,"1n8Jzwr0tRf3A4PD4SIOKW","Cafe Cats","Jazz Relaxing Cafe","Relaxing Jazz Music Instrumental",2019-04-01,124087,30,11136072044,2022-05-31T12:19:19Z,"dinner jazz",0.569,0.099,8,-22.605,1,0.0386,0.96,0.967,0.108,0.467,78.069,4
1N8GJBn9USZSrOKjjPxAOs,"1n8Jzwr0tRf3A4PD4SIOKW","Jazz Relaxing Cafe","Jazz Relaxing Cafe","Relaxing Jazz Music Instrumental",2019-04-01,148700,27,11136072044,2022-05-31T12:19:19Z,"dinner jazz",0.473,0.0973,5,-19.738,1,0.045,0.911,0.643,0.124,0.534,194.349,3
5KDbUWksgb92bIFvVVI1nR,"1n8Jzwr0tRf3A4PD4SIOKW","Relaxing Jazz Instrumental","Jazz Relaxing Cafe","Relaxing Jazz Music Instrumental",2019-04-01,107670,27,11136072044,2022-05-31T12:19:19Z,"dinner jazz",0.547,0.118,5,-22.036,0,0.0458,0.955,0.954,0.126,0.414,89.369,4
7BfMIHxsIKkejZFei75CqS,"1n8Jzwr0tRf3A4PD4SIOKW","Coffee Tea and Jazz","Jazz Relaxing Cafe","Relaxing Jazz Music Instrumental",2019-04-01,138158,24,11136072044,2022-05-31T12:19:19Z,"dinner jazz",0.588,0.132,6,-19.295,1,0.0462,0.91,0.883,0.0983,0.511,70.236,4
2qvHTl5pnZqitz6fN0OiqG,"1n8Jzwr0tRf3A4PD4SIOKW","Chilled Jazz Cafe","Chilled Jazz Cafe","Relaxing Jazz Music Instrumental",2019-01-23,142187,19,11136072044,2022-05-31T12:19:19Z,"dinner jazz",0.778,0.0352,9,-28.316,0,0.0476,0.691,0.955,0.109,0.382,67.989,4
1YbInbOHrNUtrLHZMpnbyD,"1n8Jzwr0tRf3A4PD4SIOKW","Jazz Fans","Jazz Relaxing Cafe","Relaxing Jazz Music Instrumental",2019-04-01,99973,18,11136072044,2022-05-31T12:19:19Z,"dinner jazz",0.663,0.126,5,-21.182,0,0.0416,0.972,0.981,0.113,0.648,97.051,4
3wsaSFgEnGwXydLrKINLl2,"1n8Jzwr0tRf3A4PD4SIOKW","Bar Jazz","Chilled Jazz Cafe","Relaxing Jazz Music Instrumental",2019-01-23,148700,18,11136072044,2022-05-31T12:19:19Z,"dinner jazz",0.58,0.148,2,-21.921,0,0.0449,0.984,0.814,0.0948,0.666,62.798,4
4V0yarazUN7o0HOEmWvwAC,"1n8Jzwr0tRf3A4PD4SIOKW","Me and You","Jazz Relaxing Cafe","Relaxing Jazz Music Instrumental",2019-04-01,158394,18,11136072044,2022-05-31T12:19:19Z,"dinner jazz",0.471,0.0933,7,-19.906,1,0.0554,0.91,0.739,0.118,0.374,183.105,3
1MYwTXOxv56nMgr1ujf4Zf,"1n8Jzwr0tRf3A4PD4SIOKW","Under Control","Jazz Relaxing Cafe","Relaxing Jazz Music Instrumental",2019-04-01,155852,15,11136072044,2022-05-31T12:19:19Z,"dinner jazz",0.491,0.107,6,-19.367,0,0.0545,0.926,0.875,0.104,0.477,185.914,3
5N892EXPu8buGU6DIN1RTM,"1RWNLVpTjMKl8MCFV4SUma","Green Quartz","Green Quartz","Hanni Licht",2021-10-17,156617,51,11136072044,2022-05-31T12:20:04Z,"chill guitar",0.504,0.0594,2,-17.779,1,0.0549,0.991,0.926,0.112,0.32,113.051,4
098EOJ4n3mTwtlNNbxP2BL,"1EQNBTXeMqy5nDpSlzcRwx","Vorfreude","Vorfreude","William Lynn",2021-09-19,153559,51,11136072044,2022-05-31T12:20:04Z,"",0.625,0.292,4,-11.317,1,0.0757,0.955,0.947,0.112,0.112,94.781,3
0tL8cNoUgDw6Yr9GKNO6SS,"4gGcw7smf466EwjJwxp9VG","Villa Traful","Villa Traful","Los Amores Recientes",2021-08-13,191500,51,11136072044,2022-05-31T12:20:04Z,"chill guitar",0.425,0.137,2,-15.965,1,0.0843,0.985,0.956,0.117,0.232,180.524,4
6pBAubm4vZEQI6tcsn07qi,"4SG1RjKd3TiXxwZ36G6tut","Feathertop","Bimberi","Toni Barella",2021-06-15,182783,51,11136072044,2022-05-31T12:20:04Z,"",0.547,0.0871,2,-15.884,1,0.0511,0.99,0.952,0.111,0.3,97.62,4
6fr60p2j0uzUyYZfxKFIk5,"6eslaIujKjRMowrL76Q4Nu","Fontana Di Trevi","Fontana Di Trevi","Stella Weber",2021-10-09,128907,50,11136072044,2022-05-31T12:20:04Z,"",0.635,0.104,7,-16.569,1,0.119,0.951,0.0216,0.104,0.138,118.843,4
7xAGtSGZCmzZ4gkJetmnoq,"6FHxCoGlbKV6cvqO2AMaKv","CLEVELAND, OH","THE WINTER MISSION","Brad Barr",2022-01-21,94794,47,11136072044,2022-05-31T12:20:04Z,"drone folk,fingerstyle",0.538,0.186,5,-17.271,1,0.0933,0.949,0.907,0.0816,0.423,118.188,4
7EaZOfcQgKj53K2FPKWpIk,"4kot0Uzr67BAdjYsmnUczI","Guarisci il mio Cuore","Savoca","Valerio Castilla",2021-06-11,189250,50,11136072044,2022-05-31T12:20:04Z,"chill guitar",0.498,0.0749,4,-22.481,0,0.0473,0.982,0.925,0.111,0.263,106.329,4
6olLemdG5vLF9msH832Lg6,"5K78fvhC7TVBC8mcpkMGvQ","Maybe Tomorrow It Will Change","Maybe Tomorrow It Will Change","Alexas Lucio",2022-01-14,162725,51,11136072044,2022-05-31T12:20:04Z,"",0.616,0.0631,2,-16.555,1,0.0627,0.971,0.794,0.109,0.311,126.129,4
6gppQeAHYa7eary500daO1,"1qY54CD9iY4Y5yKywqCYqG","Situatie","Situatie","Elle Vorink",2021-10-21,189571,49,11136072044,2022-05-31T12:20:04Z,"",0.547,0.119,7,-18.798,0,0.0798,0.933,0.933,0.116,0.135,82.589,4
39F5SdQXokv3QJxmLODxfU,"60PchiK8jssOvwkHk8By6Q","Même Dans La Mort","Même Dans La Mort","Jourdain Hume",2021-10-22,136723,51,11136072044,2022-05-31T12:20:04Z,"",0.692,0.0575,7,-17.651,1,0.0583,0.975,0.65,0.114,0.293,98.8,4
7GlGgZVvEI5oCpZGrEWyKN,"4CFUyjHnUwIb4SryCWffqN","Cadiz","Cadiz","Las Lagrimas",2021-12-03,185611,50,11136072044,2022-05-31T12:20:04Z,"chill guitar",0.592,0.244,2,-14.728,1,0.127,0.981,0.925,0.109,0.302,133.078,4
5cTsLgmhCzeBmTO7jPVkfg,"0J9KRHzB7ZVu5zqVztzclJ","Seresta","Rain Forest","Benedict Wallfish",2022-01-02,166851,50,11136072044,2022-05-31T12:20:04Z,"",0.56,0.0555,9,-16.935,0,0.121,0.953,0.959,0.111,0.162,81.404,4
5Ge0efczeqLMSLW7PuYezG,"1fXaIo98PufpTCJsXLtRVt","Pacifiquement","Pacifiquement","Antoine Gasquet",2021-11-12,146000,48,11136072044,2022-05-31T12:20:04Z,"",0.419,0.0899,4,-18.346,1,0.0541,0.983,0.915,0.107,0.11,83.852,3
4uL4pjAWKhOaS9uetXHyp7,"2tVmWsY4FJRSV3ciYlsW2S","The Bells Of Rhymney","The Bells Of Rhymney","Ciara Lowry",2022-05-06,118000,45,11136072044,2022-05-31T12:20:04Z,"",0.531,0.11,4,-19.975,1,0.0491,0.974,0.9,0.109,0.243,86.853,4
5UkCU9C0YGZHNwPIcGD3Up,"5TSHZHmlAoFmP4EyKvwRua","Struck By Clouds","Struck By Clouds","Ivan Bielsa",2021-11-05,117096,49,11136072044,2022-05-31T12:20:04Z,"chill guitar",0.648,0.0331,11,-17.582,0,0.0822,0.961,0.973,0.108,0.118,114.02,4
78wLZdPFQtcAccKza4LTlY,"1mIbAzEXDPLycJNcDcck5B","De temps en temps","De temps en temps","Thaisa Deboys",2022-04-29,137462,45,11136072044,2022-05-31T12:20:04Z,"",0.508,0.117,2,-17.367,0,0.0489,0.992,0.923,0.109,0.336,74.142,4
3QW1G65bI9fplVMY1vvgWq,"7kh6kV95YvmhBPmbi2tIRU","Amarilla","Amarilla","Barracuda Sound",2022-04-22,147458,49,11136072044,2022-05-31T12:20:04Z,"",0.603,0.272,9,-11.609,0,0.146,0.932,0.926,0.107,0.678,180.194,4
0inkIpP5IGzsoPSswvOQX8,"0ozEvXh18ZvAwli3GDA1N6","In Madeira","In Madeira","Emil Dahl",2022-03-18,105892,48,11136072044,2022-05-31T12:20:04Z,"",0.618,0.108,4,-21.031,1,0.123,0.936,0.913,0.102,0.159,125.662,3
53ARH2FEbhj5Fyqa0f77t5,"22RQ7nqf0fvL5ThmEP0cyD","High Hopes","High Hopes","Sara Gadshill",2022-04-29,178329,44,11136072044,2022-05-31T12:20:04Z,"",0.496,0.0789,3,-17.655,1,0.0504,0.985,0.76,0.121,0.189,86.138,4
3RH9QlGintwquOHu54I3ch,"1zBXAlRbmBsKxR6q9Xwph9","Noorderpark","The Woodlands","Diane Edison",2021-10-24,134761,48,11136072044,2022-05-31T12:20:04Z,"",0.447,0.0342,9,-17.333,1,0.0542,0.979,0.943,0.107,0.217,85.354,3
3iZQ1x0ZCvLRXGMRxKdFss,"6QOnII7AhBs2LR471krdEM","Intermezzo 1","Music for Hang","Davide Swarup",2007-01-01,144066,42,11136072044,2022-05-31T12:20:57Z,"",0.593,0.0294,2,-34.623,0,0.0674,0.918,0.861,0.105,0.619,110.562,4
5spA168Sm4p8Xo4Vzo6cgV,"38sjn6wlrnZnNbgVbUa4uI","Egyptian Drums - Belly Dance","African And Middle Eastern Drums: Belly Dance And Soukous Music","All Star African Drum Ensemble",2008-05-01,281418,36,11136072044,2022-05-31T12:20:57Z,"",0.742,0.343,1,-24.192,1,0.462,0.00458,0.928,0.0865,0.72,159.999,4
0c0JQue8R16oT72mDIPmFk,"69M2aODb7k10CQ3eN3CRXt","Cappuccino Lovely: No. 2. Milk","Lin: Star Splendours","Chin Cheng Lin",2012-12-01,289253,39,11136072044,2022-05-31T12:20:57Z,"classical percussion,marimba",0.578,0.0761,1,-23.708,0,0.0713,0.984,0.967,0.0935,0.66,127.025,3
2OEUrK1H4m4e9R0eqsDESE,"1uuTWnnSPHQMX8ZHi1XTN9","River at Dawn","Urban","Kate Stone",2016-12-01,186500,40,11136072044,2022-05-31T12:20:57Z,"new tribe",0.54,0.0432,2,-29.806,0,0.0547,0.994,0.954,0.0873,0.79,125.203,4
0uzZTyhZAx2f37bWDd3MlA,"3mrO7UO9uxaicIbotgmqvR,7FKPzei8LlN2G0TNxGMB5t","Four Rotations for Marimba - Rotation IV","Interiorem","Eric Sammut,Tobias Messerschmidt",2017-12-11,154106,0,11136072044,2022-05-31T12:20:57Z,"",0.312,0.0173,7,-31.208,1,0.0727,0.995,0.953,0.1,0.082,72.843,4
4p7AfmyhefTJPsddROdcaj,"0skRhVJnuKDMGoLkqr1MAL","News From New Zealand","Calm Upon You","Ravid",2010-11-11,193720,39,11136072044,2022-05-31T12:20:57Z,"new tribe",0.473,0.229,2,-18.512,0,0.0413,0.996,0.953,0.0981,0.702,132.018,4
33Q7gzXHp4DVXBgW5apr8o,"38VFk9ODFiXZFH1knbI9f0,59QoFNgV8EiF0ANQGrNOBI","A B S E N T I A - Udu & Hang Solo","A B S E N T I A","Tempus Fugit Percussion Ensemble,Francesco Brianzi",2020-02-14,199630,40,11136072044,2022-05-31T12:20:57Z,"",0.631,0.159,11,-16.008,1,0.116,0.967,0.958,0.109,0.367,81.917,3
7lp1HBbTLbLrLGUINqJqwO,"0flSAgCmKV5vgWQeaWpzvS","Three Preludes for Marimba - N.1 E minor","Ney Rosauro In Concert","Ney Rosauro",1998-01-01,245626,30,11136072044,2022-05-31T12:20:57Z,"brazilian contemporary classical,classical percussion,latin classical,mallet,marimba",0.519,0.0628,4,-22.454,0,0.0646,0.986,0.969,0.075,0.518,99.435,4
75E60HGE8xcd667O1Thayz,"1VZg5g46KNbpD7CsIxPrKo","African Games","Worship African Experience: Shamanic Serenity, Relaxing Drums, Tribal Meditation","African Music Drums Collection",2021-09-18,112940,32,11136072044,2022-05-31T12:20:57Z,"",0.745,0.165,5,-17.645,0,0.0502,0.791,0.0892,0.0921,0.12,102.551,4
63s5p5HY9L55e8bkU3PWrQ,"2fqkqEsGgtIToaqV8snUV6","Meditation Drums","Deep Meditation","Deep Meditation",2010-08-16,142081,33,11136072044,2022-05-31T12:20:57Z,"sleep",0.802,0.408,11,-20.958,1,0.0468,0.41,0.871,0.0675,0.325,109.969,4
0G8momaafJ03OpLjnhBciX,"6QOnII7AhBs2LR471krdEM","Moods-Bottom","Music for Hang","Davide Swarup",2007-01-01,430880,31,11136072044,2022-05-31T12:20:57Z,"",0.292,0.0923,2,-31.939,0,0.118,0.84,0.893,0.119,0.0394,196.224,4
12pXI6fOqygBSA2YO4SLCH,"0S2L6cMzog6TyuZsNhK20s,62HQ6hBQ9kqrjRyvoGHst6","Hypnosis Practice","Tongue Drum Healing Sounds - Calm Your Negative Emotions and Relax with the Gentle Sounds of Instruments, Reiki Music, Meditation, Yoga","Spiritual Power Control,Emotional Healing Intrumental Academy",2021-02-10,216672,31,11136072044,2022-05-31T12:20:57Z,"",0.489,0.0938,10,-21.843,0,0.052,0.983,0.944,0.111,0.0722,81.168,4
29EphovzWC9fG1yzfqCZLp,"3B6W7sM7HLbRi9Min5tU56","Indian Trance","The Last Apache: Shamanic Meditation - Native American Music, Tribal Journey of Indian Spirit","Shamanic Drumming World",2017-04-26,275048,33,11136072044,2022-05-31T12:20:57Z,"world meditation",0.831,0.0263,3,-26.671,1,0.114,0.662,0.893,0.0815,0.168,82.657,4
2QucioZmCDIoiteQwueRoQ,"4QyQTLlakG31IZkXiacgpA","Hollow Sphere","Hollow Sphere","Galtritandos",2022-04-17,156795,33,11136072044,2022-05-31T12:20:57Z,"",0.549,0.0269,5,-29.02,1,0.0392,0.981,0.923,0.108,0.113,159.991,4
5MUvU7ylgZmnSjwXuquLXZ,"6i1anbI9lYxG8g0440Up8r","whisper","whisper","Juni Tinley",2022-05-16,154342,15,11136072044,2022-05-31T12:20:57Z,"atmosphere,background music,focus",0.403,0.0438,1,-28.797,1,0.0504,0.986,0.941,0.138,0.117,152.125,3
1rV4lmkwXPVJl5styxffBR,"5vvexjQ7ylXNyh3wLp5FvA","Lost Treasures","World of African Drumming (Ancient Egypt Atmosphere, New Age Sound of the Far Orient, Tribal African Drums, Relaxation Music Oasis)","Serenity Music Zone",2017-07-29,282000,29,11136072044,2022-05-31T12:20:57Z,"",0.724,0.00273,2,-32.548,0,0.0627,0.974,0.954,0.105,0.741,119.959,3
48MaeYhgUAN64sHd9EIkPP,"6QWb6pd3MJQbm9jJXUPw2C","Ant Sandwich","Vesica Piscis","Hang Playing Hedge Monkeys",2010-01-03,211973,33,11136072044,2022-05-31T12:20:57Z,"hangpan,new tribe",0.619,0.225,9,-17.987,0,0.0642,0.939,0.963,0.0968,0.189,111.956,4
3ZASLhKNNYTAo2O3Pz0lDz,"4BYqP4YTwWGpi4q94QkW2x,1GykWQWG7xcdwxdLiX40jL","Pluto was here","Osmosis","Yatao,Alexander Mercks",2022-04-01,285210,33,11136072044,2022-05-31T12:20:57Z,"new tribe",0.287,0.113,6,-20.271,0,0.0442,0.93,0.947,0.103,0.0685,176.188,4
2xG6eMBqaFVHkB0TtS4S4P,"1Fv4aj9ojTsR3lz2RwYEKM","Hangimba","Hangimba","Hangimba Boy",2022-03-14,176875,37,11136072044,2022-05-31T12:20:57Z,"",0.593,0.0607,4,-26.498,1,0.0469,0.953,0.952,0.107,0.224,144.025,4
0QsBIO39QRGUTiTq3aYM0R,"2R7WUYRds2jViOGNAGIzEd","Downward Facing Dog","Yoga Drumming 1","Jay On the Drums",2018-09-16,219168,32,11136072044,2022-05-31T12:20:57Z,"",0.511,0.0165,11,-18.529,1,0.0885,0.000847,0.934,0.111,0.0433,96.872,4
2vAqcKkTSGUAkpu2kRKorM,"5gPITPJ367q2LVTwzVXhLJ","Still Moment","Still Moment","Tunde Jegede",2006-01-01,343000,40,11136072044,2022-05-31T12:21:39Z,"kora",0.309,0.0531,10,-28.994,0,0.0343,0.985,0.942,0.162,0.0756,147.644,4
6ER0qOpbB77XT2bo1PQC22,"5YHCN15OUsjGAg1az5m818,3iT2a4ug1Z4miaWS0HINdc","Hinna-Djulo","SOAR","Catrin Finch,Seckou Keita",2018-04-27,356020,12,11136072044,2022-05-31T12:21:39Z,"classical harp,harp,kora,welsh folk",0.385,0.184,7,-18.468,0,0.042,0.882,0.889,0.171,0.216,117.859,4
7ErDaI6whsHgH5kVJqfydV,"0OQeMFqoRD5clB0cPYVbxY","Yafa Djini Te Djitoyaye","A Touma","Ballaké Sissoko",2021-09-10,316966,28,11136072044,2022-05-31T12:21:39Z,"afropop,kora,malian blues,mallet,mande pop,musique mandingue,world",0.474,0.222,1,-15.043,1,0.0499,0.96,0.891,0.103,0.119,135.599,3
18PMUMZqCeKiZ5sV5fn1kz,"0r4d3UdcQlNjYRaFAbEZgh","Winter Trees Stand Sleeping","Transitional Times","Dawda Jobarteh",2016-10-14,140933,34,11136072044,2022-05-31T12:21:39Z,"kora",0.439,0.162,2,-13.163,1,0.0429,0.938,0.943,0.111,0.224,140.249,3
3T5vxl7qadr3rh7YVV296S,"3mNygoyrEKLgo6sx0MzwOL,2nCACYdIndYchzX4bxLcTW","Warbé","Ali & Toumani","Ali Farka Touré,Toumani Diabaté",2010-02-22,291293,37,11136072044,2022-05-31T12:21:39Z,"afropop,desert blues,malian blues,mande pop,world",0.594,0.221,4,-19.161,1,0.0478,0.937,0.914,0.353,0.372,148.34,4
7GBhEInpST7Dx9fE0tBMEI,"5gPITPJ367q2LVTwzVXhLJ","El Sicuri","Still Moment","Tunde Jegede",2006-01-01,175533,32,11136072044,2022-05-31T12:21:39Z,"kora",0.508,0.155,10,-24.854,0,0.0399,0.942,0.944,0.121,0.589,125.242,4
51GZs0btQ7q02lps378FYN,"0OQeMFqoRD5clB0cPYVbxY","Nan Sira Madi - A COLORS SHOW","Nan Sira Madi - A COLORS SHOW","Ballaké Sissoko",2021-07-12,301055,36,11136072044,2022-05-31T12:21:39Z,"afropop,kora,malian blues,mallet,mande pop,musique mandingue,world",0.357,0.262,2,-14.165,0,0.043,0.974,0.862,0.113,0.349,83.189,4
2Zku7DKoRSacXpHWqQkboq,"0FNLrVKyvRdifc0MHYnl8x","Las morillas de Jaén","Méditation kora & alto","Jacques Burtin",2003,172218,28,11136072044,2022-05-31T12:21:39Z,"kora",0.516,0.0977,5,-23.899,1,0.087,0.912,0.873,0.0914,0.15,124.846,4
00lcn90nnKszEEuVgO8VzK,"3mNygoyrEKLgo6sx0MzwOL,2nCACYdIndYchzX4bxLcTW","Monsieur le Maire de Niafunké","In the Heart of the Moon","Ali Farka Touré,Toumani Diabaté",2005-06-27,235320,40,11136072044,2022-05-31T12:21:39Z,"afropop,desert blues,malian blues,mande pop,world",0.593,0.428,0,-13.515,1,0.0293,0.803,0.861,0.124,0.38,99.791,4
3Y1sNu905RWz6JNEEmuYW7,"7v8qNR5OXbOludbhQoLabP","Kooma Kumaro - Instrumental","Kora Fo","Maher Cissoko",2017-06-09,280333,28,11136072044,2022-05-31T12:21:39Z,"kora",0.335,0.141,6,-24.41,0,0.0422,0.961,0.9,0.0694,0.276,150.188,3
6edZwX23WcUDbKx9VOxC1Z,"2q0V4ngQ2LJ3gVS5lVW5Ww","let the reins go","kind of wind","flower water",2021-07-01,195372,36,11136072044,2022-05-31T12:22:02Z,"",0.542,0.108,0,-18.345,1,0.0358,0.986,0.861,0.109,0.0956,79.816,4
5e9j1O0uzn49EYU5JswarF,"5QPm2OdKelGlQ0OKgvT78z","Taylor","Reflections","Joe Castle",2021-09-24,187874,33,11136072044,2022-05-31T12:22:02Z,"",0.29,0.0901,7,-18.895,1,0.0374,0.911,0.874,0.131,0.0349,112.363,5
4Tb2hOoWV5c6Xe8CcI2sUP,"4QWzCQdSl0I35LnBIN5Lmr","Wagonside","Rotations","Arpwatch",2021-06-25,198000,32,11136072044,2022-05-31T12:22:02Z,"",0.419,0.0655,9,-18.22,1,0.0448,0.978,0.604,0.111,0.42,144.332,3
4yf9GHCVO6VyY6q9yl2LvI,"0bcsH2FSusCuTAZ8aAgbJV","Hold My Hand","It's Not in Vain","They Dream By Day",2021-12-03,162330,54,11136072044,2022-05-31T12:22:02Z,"atmosphere,background music,focus",0.516,0.26,0,-16.508,1,0.0381,0.812,0.924,0.107,0.0831,93.031,4
1oRYeH614gcXBYZMjjvnOz,"3nPrEz2yxxCTnR2yPHiFo6","cold start","cold start","RRST",2021-04-16,152625,49,11136072044,2022-05-31T12:22:02Z,"",0.615,0.212,3,-15.542,0,0.0315,0.973,0.883,0.114,0.0765,124.867,3
1CdiqrBad8rjxuriEcUGU7,"6EdMmAogESKj2fFzAGM8yE","Forward Momentum","Friends","Sobrante",2021-05-06,178500,31,11136072044,2022-05-31T12:22:02Z,"",0.469,0.159,9,-14.729,0,0.0336,0.973,0.683,0.115,0.194,143.993,4
0GZRJWAb08RLUPHyP6uWcY,"5ANgyunkGzckn6Pn0AK5FC","Crows","Condor","Dust Follows",2019-03-01,159567,35,11136072044,2022-05-31T12:22:02Z,"calming instrumental",0.418,0.234,11,-10.876,0,0.0348,0.982,0.781,0.0815,0.2,68.923,5
1GjZZjRXRKGHwpoNwcg7yH,"5FnRSMJOiTQUGkNRfOaJYm","Butterfly Baby - Guitar","Wishful Thinking & Butterfly Baby","Byron Wolfe",2022-01-03,159428,30,11136072044,2022-05-31T12:22:02Z,"",0.583,0.0276,0,-21.401,1,0.0579,0.991,0.952,0.103,0.361,63.602,3
4xDlA5m82NK3cPFBED5ttv,"1kB8QJP6BXE8ezroP29Z5r","Pathways","Pathways","Elementaries",2021-02-18,200680,31,11136072044,2022-05-31T12:22:02Z,"chill beats",0.472,0.0995,9,-15.941,1,0.0459,0.973,0.895,0.111,0.114,169.83,3
0kCh1hmYmvY8Jo20Brub2X,"1fBgQyqIUMiSAap0lST8L0","Sucked Back In the Game","Sucked Back In the Game","Deep Mark",2022-04-01,124174,28,11136072044,2022-05-31T12:22:02Z,"",0.437,0.0105,3,-18.125,1,0.0463,0.909,0.858,0.113,0.143,130.184,4
0DnhhwJ9zw3xjRHGB7eo7R,"7oJoc76R3JMv7dZhxgi7zD","Quiet Times","Quiet Times","Dan Maus",2022-01-06,173793,62,11136072044,2022-05-31T12:23:18Z,"",0.0687,0.00959,0,-31.321,1,0.0424,0.957,0.754,0.102,0.0319,64.987,4
1OraD6cUqvKrh8A5skqtBh,"0JXsWES2h8yg0TKw7obalI","Aurora","Aurora","Stephanie Hawk",2021-09-06,202124,60,11136072044,2022-05-31T12:23:18Z,"",0.0945,0.0623,2,-29.387,1,0.0371,0.86,0.667,0.096,0.0528,71.118,3
0CMYUXTTTmI6Lwc0opH2XG,"58PoZ2UB30eX8jppZ6B87i","Herinneringen","Herinneringen","Sohn Aelia",2022-01-13,172357,70,11136072044,2022-05-31T12:23:18Z,"sleep",0.0685,0.00342,0,-37.156,1,0.0418,0.99,0.91,0.106,0.0581,73.644,1
48UNHWGzRfk4AOKrCJM7XJ,"0vPGOBFcfVsCzqsYTxubi6","I et andet liv","I et andet liv","Minik Knudsen",2021-12-21,186500,67,11136072044,2022-05-31T12:23:18Z,"sleep",0.0685,0.00769,7,-38.523,1,0.0439,0.991,0.859,0.107,0.111,74.874,3
5BPskS9THo8GzpNB1prEOM,"13f3uLVCX4o7wjqwtVlDwC","Hesperus","Hesperus","Rosa Løvstrøm",2021-12-30,200000,60,11136072044,2022-05-31T12:23:18Z,"background music",0.137,0.0122,5,-33.306,1,0.0432,0.939,0.937,0.11,0.0383,70.752,4
5cbkiCRy1LVLiAl1q64n2S,"4lOnTI7pZfZeLAQ4z2idCd","Wanderstar","Aphelion","Amel Scott",2021-09-08,160511,66,11136072044,2022-05-31T12:23:18Z,"",0.271,0.045,10,-30.262,1,0.0417,0.988,0.843,0.108,0.0415,71.13,4
5YZGwFeQxvTrgUFa4Fmtth,"40EzXxZKfeMHctd8T22mlh","Illustratosphere","Illustratosphere","Anna Nueva",2022-01-12,210166,60,11136072044,2022-05-31T12:23:18Z,"",0.0627,0.0458,4,-30.51,1,0.0459,0.918,0.874,0.104,0.0381,68.06,3
13CYT9XLC54qtyg0U8aqb7,"6ptntg50Xz0ACYkxCIOHz0","Hush","Hush","Yonatan Awate",2021-10-22,190000,66,11136072044,2022-05-31T12:23:18Z,"sleep",0.0917,0.00935,0,-32.99,1,0.0438,0.97,0.931,0.106,0.0689,73.055,3
0QCWhIYVGx3ousdsUZgy84,"639xerhpqwPMYay6bkjz75","Going Back","Going Back","Koby Laver",2021-10-22,228000,69,11136072044,2022-05-31T12:23:18Z,"background music",0.065,0.0034,9,-37.097,1,0.0489,0.984,0.847,0.101,0.0719,72.496,4
2iXFZRMJCWCkLd8hrm8GmO,"1E7RDm6USh7HGKtdVF9TZM","Relaksohuni","Relaksohuni","Qetesia",2021-10-21,182739,64,11136072044,2022-05-31T12:23:18Z,"",0.209,0.00379,3,-37.383,1,0.0351,0.994,0.833,0.103,0.0704,69.092,4
